{"cameraMode":{"drawMode":0,"name":"Shaded","section":"Shading Mode"},"sceneLighting":false,"audioPlay":false,"sceneViewState":{"showFog":true,"showMaterialUpdate":false,"showSkybox":false,"showFlares":true,"showImageEffects":true,"showParticleSystems":true},"in2DMode":false,"pivot":{"x":0.0,"y":2.8444628715515138,"z":-4.76837158203125e-7},"rotation":{"x":0.3660344183444977,"y":-0.049929529428482059,"z":0.019661836326122285,"w":0.9290529489517212},"size":13.189864158630371,"orthographic":false}