{"cameraMode":{"drawMode":0,"name":"Shaded","section":"Shading Mode"},"sceneLighting":true,"audioPlay":false,"sceneViewState":{"showFog":true,"showMaterialUpdate":false,"showSkybox":true,"showFlares":true,"showImageEffects":true,"showParticleSystems":true},"in2DMode":false,"pivot":{"x":2.9342570304870607,"y":6.604785919189453,"z":-18.730194091796876},"rotation":{"x":-0.4419557452201843,"y":-0.010228859260678292,"z":0.0050385803915560249,"w":-0.8969643712043762},"size":58.26972579956055,"orthographic":false}