{"cameraMode":{"drawMode":0,"name":"Shaded","section":"Shading Mode"},"sceneLighting":true,"audioPlay":false,"sceneViewState":{"showFog":true,"showMaterialUpdate":false,"showSkybox":true,"showFlares":true,"showImageEffects":true,"showParticleSystems":true},"in2DMode":false,"pivot":{"x":3.440025806427002,"y":1.901123046875,"z":-3.647005081176758},"rotation":{"x":-0.346927285194397,"y":0.009000523947179318,"z":-0.0033307529520243408,"w":-0.9378429055213928},"size":96.34666442871094,"orthographic":false}